1,0,商业秘密 秘密性 那 是 维系 其 商业价值 和 垄断 地位 前提条件 之一
2,1,南口 阿玛施 新春 第一批 限量 春装 到 店 啦    春暖花开 淑女 裙 、 冰 蓝色 公主 衫  气质 粉小 西装 、 冰丝 女王 长半裙 、  皇
3,0,带给 我们 大 常州 一场 壮观 视觉 盛宴
4,0,有 原因 不明 泌尿系统 结石 等
5,0,23 年 从 盐城 拉回来 麻麻 嫁妆
6,0,感到 自 减肥 、 跳 减肥 健美操 、
7,1,感谢 致电 杭州 萧山 全金 釜 韩国 烧烤店 ， 本店 位于 金城 路 xxx 号 。 韩式 烧烤 等 ， 价格 实惠 、 欢迎惠顾 全金 釜 韩国 烧烤店
8,0,这款 UVe 智能 杀菌 机器人 是 扫地机 最佳 伴侣
9,1,一次 价值 xxx 元 王牌 项目 ； 可 充值 xxx 元店 内 项目 卡 一张 ； 可以 参与 V 动好 生活 百分百 抽奖 机会 一次 ！ 预约 电话 ： xxxxxxxxxxx
10,0,此类 皮肤 特别 容易 招惹 粉刺 、 黑头 等
11,0,乌兰察布 丰镇市 法院 成立 爱心 救助 基金
12,1,( 长期 诚信 在 本市 作 各类 资格 职称 （ 以及 印 / 章 、 牌 、 … … 等 。 祥 ： x x x x x x x x x x x 李伟 %
13,1,《 依林 美容 》 三 ． 八 ． 女人 节 倾情 大放送 活动 开始 啦 ！ ！ ！ ！ 超值 套餐 等你拿 ， 活动 时间 x 月 x 一 x 月 xx ， 详情 进店 咨询 。 美丽 热线 x
14,0,品牌 墙 / 文化 墙 设计 参考
15,0,苏州 和 无锡 两地 警方 成功 破获 了 一起 劫持 女 车主 案件
16,0,自然 之友 苏州 小组 今日 下午 按原 计划 举办 小组 读书 活动 暨 “ 我 为 城市 量体温 ” 启动 仪式
17,0,共 查扣 违法 三轮车 304 辆 、 残疾证 23 本
18,0,扬州 公司 工作人员 正在 扬州 瓜洲镇 境内
19,0,而 我 不 愿意 将 就 ~ 今天 调研 团 小伙伴 们 来到 了 丁莲芳 生产 基地
20,0,任何 职业 entrylevel 都 是 最 简单 枯燥 重复
21,1,红 都 百货 x 楼 婷美 专柜 x . x 节 活动 火热 进行 中 。 一年 仅 一次 最大 活动 力度 ！ 充值 送 ： 充 xxx 送 xxxxxxx 送 xxxxxxx 送 xxxxxxx 送 xxxxxxxx 送 xxxx 时间 ： x . xx - x . x 。 欢迎 各位 美女 们 前来 选购 ！
22,0,有效 服务 和 保障 ? “ 一带 一路 ” 建设 顺利 实施
23,0,等 我们 音箱 来 了 手鼓 来 了 往 观光 园跑
24,1,您好 ， 渤海 银行 双节 理财 xxx 天 收益 x% 五万 起 ， 三月 十号 起息 ， 只能 柜台 购买 ， 数量 有限 欲购从速 ！ 渤海 银行 祁 新星 。
25,0,predictionio 去 不了 了
26,0,为什么 一层楼 那么 多个 LudovicStephaneC é line 姓 又 不 知道 是 什么 鬼 随便 抓 两个 字母 就是 姓 吗
27,0,南京 下 暴雨 我 在 四川 享受 完美 阳光
28,0,泛亚 400 亿 资金 被 抽离 或 挪用
29,0,110 嘛 前 几天 我 已经 举报 过 官博 又 开始 逼死 同人 了
30,0,每天晚上 拿 着 手机 不断 刷 微博 朋友圈 而 不 愿意 早早 睡觉 这 是 种 病得 治
31,0,军工 + 改革 长春 一东 、 军工 + 改革 + 体育 际华 集团 、 两市 精神 图腾 + 次新股 龙头 光力 科技 、 高送 转 + 次新股 浙江 金科 、 次新股 + 猪肉 仙坛 股份
32,0,保卫 他们 强奸 你 全家 权利
33,0,美职篮 自由 球员 谈判 期 x 开启
34,0,天天 都 是 蓝猫 飞机 敌法 海象
35,0,移动 登录 可 领取 xxx ～ xxxx 积分
36,0,晶体 全净 无暇 颜色 漂亮 xxmm
37,0,最好 距离 是 30 到 70 公里 之间
38,0,不要 拦着 我 买 腾讯 好莱坞 会员
39,0,这 意味着 用户 可 将 MicrosoftEdge 浏览器 默认 搜索引擎 设置 为 Google
40,0,并 以 服务 形式 提供 Windows
41,0,　 　 有图 有 真相 哦 ~ ~ ~ 　 　
42,0,然后 走 了 一个半 地铁站 距离
43,0,碧池 放开 爹 手机 好 吗 人 不能 那么 不要脸 好 吗
44,0,关于 徐州 彭祖 园 动物园 闭园 升级 改造 公告
45,0,是 大姑娘 了 要 一点一点 成熟 起来 要 坚强 更要 勇敢 面对 一切 好 与 坏
46,0,南靖 消防 、 公安 、 武警 等 部门 先后 赶到 现场
47,0,CancerNetwork 总结 了 几个 具体 癌种 与 饮酒 关系
48,0,万科 物业管理 人员 一个 一个 敲门
49,0,先 百度 一下 人工 剥离 胎盘 是 啥 吧 … … 有些 过程 之 恐怖
50,0,4 、 根据 事情 重要 程度 安排 时间 5 、 用 20 天 养成 想要 习惯
51,0,以考 完买部 一加二为 目标 撑到 了 高考 结束
52,0,现在 网吧 电脑 都 升级 了 环境 也 更好 了
53,0,实拍 香港 男子 地铁 大骂 内地 母女
54,1,尊敬 贵宾 您好 ！ 金桥 足道 x 月 x 正常 营业 ！ xxxx 年 与 邢 博士 强强 联手 ！ 更新 大批 技师 团队 ！ 形象 好 ， 气质佳 ， 手法 一流 ， 包 您 满意 ！ 电话 xxx
55,0,希望 你们 能 懂 我视 你们 如 珍宝 不容 被 欺 不容 被辱 世间 不公 对 你们 恶意 相向 而 你们 终将 如同 凤凰 一般 洗尽 污秽 涅槃 重生 闪耀 于 这 世间
56,0,他们 应该 采用 城管 版 或者 银行 版
57,0,奉贤 法院 公开 开庭审理 了 一起 因 索要 分手 费而 引发 刑案
58,0,妈妈 很 有 耐心 拿 pad 给 他 放歌 和 玩耍
59,0,也 挺 愿意 继续 看 下去 / 色 … … … … 但是 到 了 晚上
60,1,x 月 x 吃 熟食 不要 钱 ？ 当天 用 淘 点点 吃 多少 返 多少 最高 返 xx 元 红包 留夫 鸭 巨峰 路 欢迎 选购 ！ 外送 xxxxxxxxxxx 地址 巨峰 路 x
61,0,这个 来自 日本 设计 就 充分体现 了 折叠 种种 优点
62,1,丝宇 名妆 （ 国际 ） 美业 顺城店 庆祝 三八妇女节 暨 x 月 xx 消费者 权益日 回馈 老 顾客 优惠活动 内容 如下 ； x . 充值 优惠活动 充值 xxxx 送 xxx
63,0,我 从 张喜 医疗纠纷 胜诉 中 看到 了 什么
64,0,杭州 千岛湖 似乎 商业化 浓 了 点
65,0,腾讯 和 网易 都 是 国内 互联网 产品 做 得 比较 精致 公司
66,0,做 小三 还要 抢 了 个 渣 男 哈哈哈哈 哈哈哈 哈哈哈
67,0,还是 那句话 我 只 推荐 自己 亲自 服用 过 东西 具体 心得体会 看长 微博 ～
68,0,接着 就 可以 赶 一早 飞机 去 京都 游魂 了 三天 无聊 会议
69,0,我 刚刚 用 Nike + 以 xx ' xx ' ' / 英里 速度 跑 了 x
70,0,现在 推荐 顶级 文件 去 重 工具 「 DuplicateCleanerPro 」
71,0,招远 政府部门 对 这种 生态环境 怎么 看待
72,0,因为 ： 它是 由 三百 朵 新鲜 玫瑰 压榨 而成
73,0,ZMZZ050 两位 民警 帮助 我们 找回 了 遗失 财物
74,0,Gohealthy 公司 产品 保证 纯天然
75,0,使 从 粉刺 发展 为 中度 至 重度 痤疮
76,0,市场营销 、 管理 类 人才 大型 专场 招聘会
77,0,与此同时 也 抵制 其 旗下 一切 品牌 及 控股 品牌
78,0,还 包括 更 高级 EMBA 以及 SMBA
79,0,20150721 ： 腾讯 视频 v4
80,0,2015 年 下半年 鹤山市 教育 系统 部分 事业单位 公开 招聘 中小学 、 幼儿园 教师 14 名 公告
81,0,吸毒 男子 抢劫杀人 被 抓 受审 时 大笑 称 这 很 正常 更 多 新闻 视频 ：
82,0,好像 姜河 那 可是 手机 拍 不 出来
83,1,广东 易凌 信息 科技 有限公司 感谢您 致电 ！ 我 公司 以 良好 信誉 ， 优质 服务 ， 专业 为 您 提供 一站式 无线 营销 推广 与 服务 。 电话 忙 时 请 拨打 xxxxxx
84,0,一个 车厢 有 十几个 什么 房产公司 员工
85,0,36 氪 发布 了 分析 公司 投资 指数 工具 — — 氪 指数
86,0,由 一组 布局 错落 建筑群 组成
87,0,张晋 老师 团队 在 南京 迎接 各位 敬爱 家长 们
88,0,请 各位 代表 移步 百度网 盘 下载 ~
89,0,中心区 商业 气息 还是 蛮 浓厚
90,0,因为 装修 花费 就 像 一个 无底洞
91,0,xxxx 首届 无锡 风情 夜游 节 将 于 xxxx 年 x 月 xx 正式 启动
92,0,经营 有 九家 展览馆 “ 鳞 之家 集团 ” 用 令人 眼花缭乱 绘画 和 布景 让 人 游客 体验 到 视觉 错觉 带来 快乐
93,0,打开 百度 主页 看到 了 另一个 地球 吧 被 人类 逃亡 主义 震撼 了 我 港 真
94,0,美军 再 想 侦查 得 派 战斗机 护航
95,1,欢迎 致电 创业 人家 置业 发展 有限公司 ， 本 公司 从事 房地产 开发 、 二手房 销售 、 物业管理 ， 欢迎 新 老客户 前来 惠顾 ， 我们 将 竭诚 为您服务 ， 电话 ： xxxx
96,1,美女 们 浦东 华润 时代广场 xxx 恩曼琳 三八妇女节 活动 xx 年春款 x 折 ， xx 年秋冬 款 x . x 折 ， 货品 有限 ， 现已 开始 预售 ， 期待 各位 光临 哦 ！
97,0,巧妙 设计 是 利用 转角 在 墙面 上 设计 了 两种 不同 样式 收纳 柜
98,0,x 不 知道 当前 对 民间 求助 和 募捐 是否 有 管理 规定 、 政策法规
99,0,去 图书馆 上网 视频 一个 也 打不开 查资料 网页 也 打不开 却 让 填 什么 问卷 还 什么 只 填 名字 就行 弄虚作假 爱国 情怀
100,0,一个打 没电 了 换个 手机 继续 打
101,0,幸福 人大 都 相同 不幸 人 各 有 各 不幸
